{
  "name": "task-manager-be",
  "version": "1.0.0",
  "description": "",
  "main": "index.js",
  "type": "module",
  "engines": {
    "node": "18.18.0"
  },
  "scripts": {
    "dev": "nodemon ./index.js",
    "start": "node ./index.js"
  },
  "author": "",
  "license": "ISC",
  "dependencies": {
    "bcryptjs": "^2.4.3",
    "cors": "^2.8.5",
    "dotenv": "^16.4.1",
    "express": "^4.18.2",
    "express-ip-access-control": "^1.1.3",
    "express-rate-limit": "^7.2.0",
    "jsonwebtoken": "^9.0.2",
    "mongoose": "^8.1.1",
    "nodemailer": "^6.9.8"
  }
}
