{
  "name": "task-manager",
  "private": true,
  "version": "0.0.0",
  "type": "module",
  "scripts": {
    "start": "PORT=3333 react-scripts start",
    "build": "react-scripts build",
    "lint": "eslint . --ext js,jsx --report-unused-disable-directives --max-warnings 0"
  },
  "browserslist": {
    "production": [
      ">0.2%",
      "not dead",
      "not op_mini all"
    ],
    "development": [
      "last 1 chrome version",
      "last 1 firefox version",
      "last 1 safari version"
    ]
  },
  "dependencies": {
    "@emotion/react": "^11.11.3",
    "@emotion/styled": "^11.11.0",
    "@fortawesome/fontawesome-svg-core": "^6.5.1",
    "@fortawesome/free-brands-svg-icons": "^6.5.1",
    "@fortawesome/react-fontawesome": "^0.2.0",
    "@mui/icons-material": "^5.15.6",
    "@mui/material": "^5.15.6",
    "axios": "^1.6.7",
    "bootstrap": "^5.3.2",
    "cdbreact": "^1.5.18",
    "chart.js": "^4.4.2",
    "chartjs-plugin-datalabels": "^2.2.0",
    "dotenv": "^16.4.5",
    "font-awesome-icons": "^1.6.0",
    "history": "^5.3.0",
    "moment": "^2.30.1",
    "moment-timezone": "^0.5.45",
    "react": "^18.2.0",
    "react-bootstrap": "^2.10.0",
    "react-chartjs-2": "^5.2.0",
    "react-dom": "^18.2.0",
    "react-icons": "^5.0.1",
    "react-router-dom": "^6.21.3",
    "react-scripts": "^5.0.1",
    "react-spring": "^9.7.3",
    "react-toastify": "^10.0.4",
    "styled-components": "^6.1.8"
  },
  "devDependencies": {
    "@types/react": "^18.2.15",
    "@types/react-dom": "^18.2.7",
    "eslint": "^8.45.0",
    "eslint-plugin-react": "^7.32.2",
    "eslint-plugin-react-hooks": "^4.6.0",
    "eslint-plugin-react-refresh": "^0.4.3"
  }
}
