{
  "name": "task-managment",
  "version": "1.0.0",
  "description": "A MERN application for basic tasks management",
  "main": "index.js",
  "scripts": {
    "install-all": "npm install && npm install --prefix frontend && npm install --prefix backend",
    "dev-server": "npm run dev --prefix backend",
    "dev-client": "npm start --prefix frontend",
    "dev": "concurrently \"npm run dev-server\" \"npm run dev-client\"",
    "build": "npm install --prefix frontend && npm run build --prefix frontend && npm install --prefix backend",
    "start": "concurrently \"npm start --prefix backend\" \"npm start --prefix frontend\"",
    "start-ssl": "HTTPS=true SSL_CRT_FILE=../certs/localhost.pem SSL_KEY_FILE=../certs/localhost-key.pem concurrently \"npm start\"",
    "generate-ssl": "mkcert -install && mkcert -key-file ./certs/localhost-key.pem -cert-file ./certs/localhost.pem localhost 127.0.0.1 ::1"
  },
  "author": "",
  "license": "ISC",
  "devDependencies": {
    "concurrently": "^8.2.2"
  }
}
